Hash Cliente,Nome,Sobrenome,Contato,UF,Status do Cliente,Data Cadastro
,./raw_data/clientes_erp_simulado_1000.xlsx,,,,,
7998927342855281232,ANA SOPHIA,ARAUJO,(84)933218196,SP,VIP,2022-03-06
6508101392168152600,BRYAN,DA ROSA,(31)989083863,SP,REGULAR,2024-03-13
1049423767771401712,EMILLY,ALMEIDA,(31)965423511,BA,REGULAR,2023-11-26
276243908439426130,ANA JULIA,VIEIRA,(21)995931034,SP,REGULAR,2022-08-17
6971381669027968880,CAIO,NASCIMENTO,(84)975255341,PR,VIP,2024-11-16
1086684321940225338,BARBARA,TEIXEIRA,(51)927648350,PR,REGULAR,2023-06-04
7097307459136710199,IAN,NUNES,(81)913953767,MG,REGULAR,2022-11-23
5378255170641364186,DANIEL,FARIAS,(84)984969653,PR,REGULAR,2022-11-16
717717149922170081,LUNA,CARVALHO,(71)912269166,BA,REGULAR,2024-10-25
4981303296739492576,MARCELA,FERNANDES,(81)901845146,RJ,VIP,2022-12-16
6950918368683760045,AGATHA,FERREIRA,(21)928148932,SP,REGULAR,2023-11-17
5123434714976737068,ERICK,CARDOSO,(21)971822782,RJ,REGULAR,2023-05-31
3906351006340388114,MARIA,PEREIRA,(11)983465787,PR,REGULAR,2022-10-20
7438804221195267842,ENZO GABRIEL,CAMPOS,(81)909839301,RJ,REGULAR,2024-12-20
6732017504787160250,ENZO,CAMPOS,(51)951834738,RJ,REGULAR,2022-06-11
9102144369846400058,MARIA JULIA,RIBEIRO,(51)976311656,MG,REGULAR,2024-01-13
4459746016612100120,LUIZ OTAVIO,PORTO,(84)962473178,RS,REGULAR,2022-09-14
424827388196334355,JOAO,CALDEIRA,(41)960647468,BA,REGULAR,2025-06-02
6673602249427080987,BRENDA,DA MOTA,(21)930980500,SP,REGULAR,2024-08-10
7204648301448334121,EDUARDA,NUNES,(71)993990916,SP,REGULAR,2025-01-30
5267401726817327098,MARIA FERNANDA,SILVEIRA,(51)943534624,BA,REGULAR,2024-03-24
762479757946022975,EMANUELLA,COSTELA,(84)913542784,RS,REGULAR,2024-11-20
8192586010769883571,MARCELA,ALVES,(81)941241182,RS,REGULAR,2023-12-06
5028068220887639572,OTAVIO,DA ROCHA,(81)934874016,MG,REGULAR,2023-06-19
3405696993637115922,ALEXANDRE,MELO,(81)942786801,MG,REGULAR,2022-10-08
2596583551794317211,MARIA CECILIA,AZEVEDO,(31)998262045,SP,REGULAR,2022-06-16
3044360780188762745,RODRIGO,FARIAS,(51)958692322,MG,REGULAR,2024-01-15
7906260083120120313,ALICIA,RIBEIRO,(21)937543303,PR,REGULAR,2023-12-23
1555889790588495642,CARLOS EDUARDO,FERREIRA,(51)994019655,RJ,REGULAR,2024-02-22
3839711412621290390,MAITE,CORREIA,(51)993406088,MG,VIP,2025-03-17
6592670419344845945,SARAH,DA PAZ,(21)961595148,RJ,REGULAR,2023-08-08
8571210947383811572,JULIA,MARTINS,(71)948236629,SP,REGULAR,2024-09-14
8776936562769940502,JOAO,VIEIRA,(11)944369957,MG,REGULAR,2024-02-29
2488961809067758663,NICOLE,DA ROSA,(31)972148951,BA,REGULAR,2023-04-15
7143011193872162999,GABRIELA,DAS NEVES,(81)920037917,RJ,REGULAR,2024-01-19
3566119081032769534,MARIA JULIA,DA MOTA,(51)976320163,MG,REGULAR,2023-01-13
3171232740391587878,LETICIA,BARROS,(84)931727889,MG,REGULAR,2023-08-21
6267601505953575935,MARIANA,SANTOS,(11)987277434,SP,REGULAR,2024-03-07
2809378815798229843,DANIEL,DA COSTA,(31)962316658,PR,VIP,2024-07-04
5509573335817572440,ANA CAROLINA,DA ROCHA,(84)969096705,BA,REGULAR,2023-07-23
987636221758974014,KAMILLY,TEIXEIRA,(71)993734670,BA,REGULAR,2023-10-12
7603010124948296577,THIAGO,DA CUNHA,(61)929806990,RJ,REGULAR,2022-08-23
2940365213895839083,LARA,CUNHA,(61)920465375,RJ,REGULAR,2023-09-21
1497733976853726304,PIETRO,CAMPOS,(61)903309232,BA,REGULAR,2024-04-19
6528500790883811126,ANA SOPHIA,DA ROSA,(61)945299124,RS,REGULAR,2022-09-30
75788467436712585,ALICE,LIMA,(50)906631931,RS,REGULAR,2025-02-04
7430940998000468452,RODRIGO,COSTA,(30)900586518,MG,REGULAR,2025-01-15
5278216528751056760,KAIQUE,RODRIGUES,(51)965726284,SP,REGULAR,2024-11-26
1348628209325340058,STEPHANY,ROCHA,(61)969453147,BA,REGULAR,2023-04-29
6180661402619579998,MARIA FERNANDA,NASCIMENTO,(81)907527354,RS,REGULAR,2023-09-25
4073600694495640754,NOAH,FREITAS,(84)908313678,MG,REGULAR,2023-04-23
849670748312593603,GABRIELA,MOURA,(71)988568557,SP,REGULAR,2023-06-08
1002126162470024774,FERNANDO,DIAS,(71)935182337,RJ,REGULAR,2023-06-18
1072139107498306439,ANDRE,TEIXEIRA,(81)940084271,RJ,REGULAR,2022-04-05
946163780909295282,ANA SOPHIA,CAMPOS,(71)971902294,SP,REGULAR,2022-08-25
5407468447649711563,LAURA,JESUS,(90)906499091,BA,VIP,2023-03-03
8823307072448588572,CLARA,FERREIRA,(21)923281206,SP,REGULAR,2024-03-15
312380760522866924,YASMIN,DA PAZ,(11)918324210,RS,REGULAR,2022-12-28
5342427864573168113,NOAH,GOMES,(31)917464887,RS,REGULAR,2024-02-24
2935579735708593854,NOAH,BARBOSA,(21)959401399,MG,REGULAR,2022-05-17
1164937751362884203,EMANUELLY,BARBOSA,(51)978742967,RS,REGULAR,2022-03-09
798051324529485215,ESTHER,NUNES,(81)907154516,PR,REGULAR,2024-06-22
2943433320133138730,RAFAEL,VIANA,(61)960385977,RJ,REGULAR,2022-04-07
4283144600879730981,GABRIEL,VIEIRA,(81)947710932,MG,REGULAR,2023-10-08
386209783862742814,ALANA,VIEIRA,(81)913171274,RS,REGULAR,2024-06-13
8060483031877220135,MAITE,CUNHA,(84)946584044,RS,REGULAR,2024-12-10
1088821479417962516,GIOVANNA,DA MOTA,(41)996360576,RJ,VIP,2023-05-12
5558247778982285829,VITORIA,DA COSTA,(11)902895171,BA,REGULAR,2024-10-07
7553640997307880161,ALANA,DA CONCEICAO,(81)921745961,RJ,VIP,2023-07-09
1242903717148476469,MARIA ALICE,NASCIMENTO,(51)978091343,SP,REGULAR,2022-02-09
3741046316716931788,ANA LUIZA,CASTRO,(31)924005045,RJ,REGULAR,2023-11-18
883532074290101481,BIANCA,FARIAS,(51)969222196,PR,REGULAR,2024-02-12
899743811379013899,EDUARDA,SALES,(80)902374740,BA,VIP,2024-06-04
6206888334745335784,RENAN,VIANA,(31)917594647,SP,REGULAR,2023-07-28
6331820680962965294,PEDRO MIGUEL,DA MOTA,(90)904210470,BA,REGULAR,2024-01-10
4221285791873220709,BRYAN,GONCALVES,(61)962328588,SP,REGULAR,2023-12-06
6238247212942776600,FERNANDO,ROCHA,(21)951712368,MG,REGULAR,2023-04-11
1824934773932466905,JOAO VITOR,ALVES,(71)981754965,SP,REGULAR,2022-09-30
123462126639515276,LETICIA,JESUS,(81)912004711,MG,REGULAR,2023-04-14
9077982647975529370,BEATRIZ,NOGUEIRA,(51)958692617,SP,REGULAR,2024-11-26
8681765292662271741,EMILLY,AZEVEDO,(31)937735158,RS,REGULAR,2025-01-09
6163801916235004328,JOAO VITOR,FREITAS,(71)917139005,MG,REGULAR,2023-04-28
253922566985119082,YURI,DA ROCHA,(84)983933529,RJ,REGULAR,2022-04-19
825550695282764249,ANDRE,MORAES,(41)995024026,RS,REGULAR,2024-10-07
5970498283465206824,AMANDA,SILVEIRA,(31)970076617,BA,REGULAR,2024-04-03
3517061524636845793,BRUNO,MARTINS,(50)902124998,SP,REGULAR,2023-02-09
555446421646403538,MARIA VITORIA,SOUZA,(21)978961183,SP,REGULAR,2024-12-02
4653204152806128918,DANIELA,OLIVEIRA,(81)976615654,MG,REGULAR,2023-11-17
3524137130984406694,RODRIGO,RIBEIRO,(84)911161528,RJ,REGULAR,2022-07-17
2183651124756398794,MURILO,SANTOS,(11)927315851,BA,REGULAR,2023-06-21
8380939226844421925,CLARICE,PEREIRA,(84)999809402,SP,REGULAR,2023-06-13
7929173578813075059,HELOISA,MONTEIRO,(11)922961201,MG,REGULAR,2024-07-17
8151468502429654274,JOAO MIGUEL,PEIXOTO,(51)952545991,SP,REGULAR,2022-07-04
7066286878914161850,DAVI LUCCA,BARROS,(21)947679764,PR,REGULAR,2023-03-16
4194259517529327017,LUIZ FELIPE,PINTO,(51)926838851,MG,REGULAR,2023-12-23
9083468356208672101,LARISSA,ARAGAO,(51)915969664,MG,REGULAR,2022-11-10
619741303967726731,ALEXIA,MARTINS,(41)997516136,SP,VIP,2024-10-15
6696985576149243889,MARCELA,CARDOSO,(61)945352181,RJ,REGULAR,2024-07-16
296560013469530175,CAROLINE,MONTEIRO,(84)923124329,MG,REGULAR,2022-12-07
583553964340956488,GABRIELLY,DA COSTA,(31)917744905,SP,VIP,2024-06-10
725583412954607596,HENRIQUE,REZENDE,(41)900541199,RJ,REGULAR,2024-10-06
470617164844942982,LETICIA,VIEIRA,(61)979359782,MG,REGULAR,2022-07-19
7399460307017344352,LAURA,SOUZA,(41)992554665,PR,REGULAR,2025-04-03
1187208358231639613,ANA BEATRIZ,MELO,(84)951864492,RS,VIP,2023-09-15
1702895038813889445,NATHAN,DA CONCEICAO,(84)946291486,PR,VIP,2025-08-01
3090648280151687164,RAUL,SOUZA,(31)968505423,PR,REGULAR,2023-09-28
3906494319684390656,HELOISA,COSTELA,(30)906222927,PR,VIP,2022-06-22
5087687285599119156,ISABELLY,DUARTE,(31)994738347,RS,REGULAR,2023-02-09
7177135250027179346,PEDRO,ROCHA,(31)981814124,RJ,REGULAR,2024-03-13
8923530954476352512,JOAO PEDRO,CARDOSO,(31)930515220,PR,REGULAR,2023-04-07
3453863940505046155,PIETRA,CUNHA,(71)979010432,SP,REGULAR,2024-08-14
4584632626254568868,MARCELA,PEREIRA,(61)943410369,RJ,VIP,2024-03-25
4045500691267449150,CARLOS EDUARDO,SALES,(30)908089324,RS,REGULAR,2024-11-02
1124560304146588929,PAULO,MORAES,(41)996218518,SP,REGULAR,2024-07-08
6234576064889913537,VALENTINA,SANTOS,(81)906706540,RS,REGULAR,2023-10-21
62581239468125890,JOAO FELIPE,DUARTE,(51)995205852,RJ,VIP,2025-03-13
4572682103055528482,PIETRA,ROCHA,(61)921704303,PR,VIP,2022-06-19
263570126808998501,LUIZ GUSTAVO,NOVAES,(71)974034505,BA,REGULAR,2023-06-13
8271216932031267679,JOAO LUCAS,PINTO,(71)976527758,SP,REGULAR,2023-03-06
974509314245422151,THOMAS,PEREIRA,(21)969284511,SP,REGULAR,2023-06-09
5953442042940245202,AUGUSTO,MORAES,(80)906401658,MG,REGULAR,2025-05-03
6426263425247929787,ANTONIO,DA CONCEICAO,(50)907021355,RS,REGULAR,2023-11-30
8767399872775002967,ALICIA,DA COSTA,(41)955719285,PR,REGULAR,2023-12-24
5015689886281778806,FELIPE,CORREIA,(41)927868144,SP,REGULAR,2025-12-04
8920808062977388345,CLARA,GOMES,(84)931217271,RJ,REGULAR,2025-09-03
262616630943954459,THALES,CAMPOS,(81)984422583,RJ,REGULAR,2022-10-20
508035781063157669,DANIEL,DUARTE,(11)905895782,PR,REGULAR,2024-11-20
2345270331875085226,IAN,CARDOSO,(41)978528922,PR,REGULAR,2024-02-16
6912213967702004901,ANA CAROLINA,COSTA,(41)924225358,BA,VIP,2023-06-30
9000411966988934258,FERNANDO,DA PAZ,(81)942498182,SP,REGULAR,2024-10-20
6006573151216603831,BRENDA,DA CUNHA,(90)909590010,RJ,REGULAR,2025-05-01
5782450847362245777,EMANUELLA,DA ROCHA,(50)906907844,RJ,REGULAR,2024-04-05
4669165680781341535,LETICIA,DA ROCHA,(81)992555625,BA,REGULAR,2024-06-23
6650323244096817735,ANA LIVIA,LOPES,(41)971473210,RS,REGULAR,2023-07-08
1953998371745805993,MAITE,REZENDE,(11)947016873,RJ,VIP,2023-03-15
6046297683089164428,ISABELLA,BARROS,(71)947974801,SP,REGULAR,2024-02-13
7615483432941608808,FRANCISCO,MOREIRA,(71)950609835,PR,REGULAR,2024-08-20
7714614578354743754,BRENO,NOGUEIRA,(21)978499121,PR,REGULAR,2023-12-18
3819197852280243452,ARTHUR,CUNHA,(71)978729825,SP,REGULAR,2024-11-21
6338694340411543189,FERNANDA,RIBEIRO,(31)955169409,PR,REGULAR,2024-04-21
8590746511013922869,MURILO,CORREIA,(71)907562636,SP,REGULAR,2024-02-06
6063874110587050098,LORENA,CALDEIRA,(84)983857865,SP,REGULAR,2023-09-01
8896873034983835408,ENZO GABRIEL,JESUS,(11)937575844,RJ,REGULAR,2022-10-21
4725513108240781535,NICOLE,VIANA,(41)965240415,RJ,REGULAR,2024-02-03
8648948254379983781,EDUARDA,FARIAS,(71)983301657,PR,REGULAR,2022-09-18
5766320674291135704,STELLA,CUNHA,(11)982677345,MG,VIP,2023-02-07
8989458893727183869,ANA CAROLINA,CARVALHO,(50)903802620,BA,REGULAR,2023-12-22
7115348346403395707,CAROLINA,GONCALVES,(51)904991547,BA,REGULAR,2025-05-01
5856865100376793842,MARCELA,SALES,(84)987431527,PR,VIP,2025-01-16
5047215541957241119,THEO,DA MATA,(21)954932966,BA,REGULAR,2024-06-23
5168202938863871412,JOAO,CASTRO,(61)927530463,MG,REGULAR,2024-09-03
8348102434732296696,ISAAC,JESUS,(80)909045301,SP,REGULAR,2024-07-04
7271647542581251868,DAVI LUCCA,NUNES,(21)941459332,RJ,VIP,2024-04-27
2671383276525459526,LORENZO,MOURA,(84)987833918,RJ,REGULAR,2024-09-03
6716276018807835222,IGOR,SILVEIRA,(31)913971870,SP,VIP,2024-03-19
5267504789760748379,LUIZ GUSTAVO,PEIXOTO,(51)990874064,RJ,VIP,2022-04-19
1367534479906026853,MARIA LUIZA,CARDOSO,(61)965180170,PR,REGULAR,2023-05-07
3224402217753647765,CAROLINA,CUNHA,(84)956766182,RJ,REGULAR,2025-01-24
250742176119016915,DAVI,TEIXEIRA,(61)982300478,MG,REGULAR,2024-03-02
1660059433852706458,ISIS,DIAS,(51)975243106,BA,REGULAR,2024-11-25
6382217869758773803,VICENTE,BARBOSA,(71)973830284,PR,REGULAR,2023-04-13
5772235039069092644,GABRIELLY,MARTINS,(41)942836440,RS,REGULAR,2024-08-27
5504688491160111652,GABRIELLY,PEIXOTO,(81)924628733,PR,REGULAR,2023-07-25
5725737841008683233,LETICIA,CALDEIRA,(84)966882634,BA,REGULAR,2023-02-25
4019361654077489486,LEVI,MOURA,(31)983046990,RS,REGULAR,2022-06-08
270296493979132627,VICENTE,COSTA,(81)939363854,BA,REGULAR,2023-11-27
3499750668521526230,MARIA ALICE,MORAES,(41)945877175,MG,REGULAR,2023-02-24
7596763300906673060,JUAN,BARBOSA,(30)903204899,RJ,REGULAR,2024-01-23
7805079525448924378,DAVI LUCAS,DA PAZ,(71)936937854,RS,VIP,2024-05-13
6048132255212886520,SARAH,RODRIGUES,(51)925228728,RS,REGULAR,2025-06-01
7545584956425342416,LUIZ MIGUEL,AZEVEDO,(11)900623120,SP,REGULAR,2023-03-20
5757338393712861520,LAIS,MOURA,(81)999770088,BA,VIP,2024-01-14
740443045801781020,ANTHONY,SOUZA,(84)984086211,RS,VIP,2024-07-06
4069822739156053978,ERICK,DA MOTA,(90)908454615,RJ,REGULAR,2024-05-01
7430801585009244466,MARIA FERNANDA,FARIAS,(21)941016668,PR,REGULAR,2024-04-23
3328357607520429627,PEDRO MIGUEL,ALVES,(41)917659180,SP,REGULAR,2023-07-04
746462119824584016,RYAN,RIBEIRO,(81)901489025,SP,REGULAR,2022-09-05
5149469703467580621,NICOLAS,DA CONCEICAO,(61)914293968,SP,REGULAR,2023-12-09
6782397819395381324,SOPHIA,CUNHA,(21)985016315,RJ,REGULAR,2024-10-11
6746562203876039645,MARIA VITORIA,NOVAES,(61)904773586,PR,REGULAR,2024-02-15
7341509200329403313,RODRIGO,NASCIMENTO,(21)994311426,RJ,REGULAR,2024-12-24
1831360901131071373,VICENTE,NOGUEIRA,(51)951104754,PR,REGULAR,2022-09-19
186316013502767355,JOAO GABRIEL,VIEIRA,(31)999560466,RS,REGULAR,2022-08-23
1003973958204547507,LUIZ FELIPE,DA CONCEICAO,(84)926464715,MG,REGULAR,2023-11-05
6385744762556032918,ISAAC,PIRES,(71)969245937,BA,VIP,2023-08-16
3172039461038378727,JOAO VITOR,LOPES,(21)979356465,MG,REGULAR,2022-09-10
6497841363366558480,CATARINA,VIANA,(61)980737416,SP,REGULAR,2025-02-23
1437084804724518694,BEATRIZ,JESUS,(41)942661797,PR,REGULAR,2024-05-10
6534131231030647747,MARIA ALICE,SANTOS,(84)980589113,RS,REGULAR,2025-01-30
8992306654082562051,ISABELLA,DA CUNHA,(80)900965610,PR,VIP,2022-09-15
6951591890953556236,ENZO GABRIEL,SILVA,(41)989937567,RJ,REGULAR,2025-05-03
9221437005509712288,OLIVIA,SANTOS,(21)950714611,RS,VIP,2022-11-21
1659755648576251120,JOAQUIM,RAMOS,(84)987571775,SP,REGULAR,2022-07-27
1870672212537289982,CAMILA,VIEIRA,(31)958673622,BA,REGULAR,2025-04-01
8890937742725505956,LARISSA,NOVAES,(41)993796603,PR,REGULAR,2023-02-28
2295633723480252777,VITOR GABRIEL,CAMPOS,(50)901825537,BA,REGULAR,2022-09-10
617264617223082378,RAUL,RODRIGUES,(51)959696915,BA,REGULAR,2023-10-14
2948316655855160327,MARIANE,DA LUZ,(31)999125134,SP,REGULAR,2022-10-13
5516972068550542222,CAROLINA,RODRIGUES,(61)928274225,PR,REGULAR,2024-03-15
3879752517065618705,ANA BEATRIZ,MORAES,(21)972368876,MG,REGULAR,2025-03-13
4721404941298558382,KAMILLY,PIRES,(84)921903404,PR,REGULAR,2023-03-29
166296061584078375,ESTHER,DA CUNHA,(51)997881914,MG,REGULAR,2024-05-08
3811446471619849751,VITOR HUGO,PIRES,(71)936134074,MG,VIP,2023-08-10
4528057240616616894,LEONARDO,COSTA,(41)939596292,MG,VIP,2023-02-03
1466412463113936157,BENICIO,MONTEIRO,(61)949825449,PR,REGULAR,2023-04-06
6244305813272065632,NICOLE,CASTRO,(84)960422325,RJ,REGULAR,2023-04-05
5428195007647520735,JULIA,RODRIGUES,(11)994667116,RS,REGULAR,2024-06-24
8977754599948586122,OLIVIA,MOURA,(51)975901751,RJ,REGULAR,2024-07-23
6910560647327064887,CLARA,PEREIRA,(11)974545892,PR,REGULAR,2024-10-09
3048114584427121865,VALENTINA,MENDES,(71)901701277,RJ,REGULAR,2022-04-15
2274511681852040404,CATARINA,COSTELA,(31)924154152,SP,REGULAR,2022-04-07
5713569520553098507,MARINA,LIMA,(31)961103712,RS,REGULAR,2024-10-23
5337444089965331101,ANA JULIA,DIAS,(51)911155426,PR,REGULAR,2022-08-11
2127089229436260263,NICOLE,DA CONCEICAO,(84)989092753,MG,REGULAR,2024-12-15
8146359757420483955,JULIA,PIRES,(11)911219656,SP,REGULAR,2023-08-16
7565192825656798171,FELIPE,FREITAS,(21)938999404,SP,REGULAR,2023-02-28
2817743034962996421,MARIA,SILVA,(71)964037613,RS,REGULAR,2024-05-30
176026782549021443,MARIA VITORIA,CARDOSO,(51)905526965,RJ,REGULAR,2024-10-08
2023174228157123305,CAMILA,RIBEIRO,(11)909104300,PR,REGULAR,2023-12-24
2093049615016924098,ESTHER,SANTOS,(84)966188924,PR,REGULAR,2022-08-23
3043376474431680696,BRUNO,SILVA,(84)928569146,RS,REGULAR,2023-04-20
8077950920605632747,FELIPE,CARVALHO,(21)917990421,SP,REGULAR,2022-04-05
8869827487702181883,VINICIUS,FOGACA,(71)905648149,PR,REGULAR,2024-12-15
1750234114257876073,FERNANDO,CAVALCANTI,(50)901380003,PR,REGULAR,2022-06-25
5220907233132035309,ISABELLY,NOGUEIRA,(21)920863536,MG,REGULAR,2023-08-25
5936329801288801578,ANA CLARA,REZENDE,(11)945187053,MG,VIP,2023-12-07
8308751241433081483,VALENTINA,JESUS,(90)903759738,SP,REGULAR,2023-04-29
3912909110466683756,ALEXANDRE,OLIVEIRA,(41)938505064,PR,REGULAR,2022-09-23
2495490736681617543,LUIZ MIGUEL,DUARTE,(84)970241038,MG,REGULAR,2024-01-16
7172310300881658242,LEANDRO,COSTELA,(41)944565574,RS,REGULAR,2023-04-13
6153931438220667653,EDUARDO,CUNHA,(80)901212775,BA,REGULAR,2024-06-01
1607691942798932375,LUIZ OTAVIO,MORAES,(84)974741124,SP,REGULAR,2025-04-13
1435273227718403515,DAVI,ARAUJO,(71)978831712,MG,REGULAR,2022-10-20
3124193992483508333,BENICIO,DAS NEVES,(81)936519941,SP,VIP,2022-05-19
82637771904249239,EDUARDO,PIRES,(81)915107029,RS,REGULAR,2024-02-17
776898853376471867,LUNA,ARAUJO,(41)962532447,RJ,REGULAR,2022-11-30
7256702170740902195,PAULO,FARIAS,(21)976870146,RJ,REGULAR,2022-11-14
5526363628989417810,CATARINA,SOUZA,(51)980657875,MG,VIP,2024-09-09
4533058536237645447,GIOVANNA,NOGUEIRA,(81)920593040,PR,REGULAR,2024-04-16
6779659270772260264,ISABELLA,DIAS,(31)913348039,SP,REGULAR,2023-09-12
655589717055781383,DAVI,DUARTE,(90)905590599,BA,REGULAR,2022-11-21
2925381886106983564,CAROLINE,SALES,(71)942701039,SP,REGULAR,2023-03-19
6986114727376083467,LUIZ MIGUEL,ROCHA,(11)959325250,BA,REGULAR,2022-05-19
8480474852642424244,NICOLAS,DA CONCEICAO,(61)985156915,MG,REGULAR,2023-07-27
8355771728703473130,DAVI LUCCA,PINTO,(84)952895392,PR,REGULAR,2023-11-24
6434030576007625979,THOMAS,GONCALVES,(81)920969029,PR,REGULAR,2023-08-21
3928432381172374043,PEDRO MIGUEL,CARVALHO,(71)970433154,MG,REGULAR,2022-09-30
2119264892180846935,ANA BEATRIZ,NOGUEIRA,(31)962676586,SP,REGULAR,2022-09-19
7158653127342676917,VALENTINA,DAS NEVES,(31)971040541,SP,REGULAR,2022-08-08
5532473926021105188,JOAO MIGUEL,DA CRUZ,(11)981599706,PR,REGULAR,2025-01-24
2606718274822742636,OTAVIO,PINTO,(31)901533688,SP,REGULAR,2023-01-06
8256651579308751974,ESTHER,JESUS,(41)910698720,SP,REGULAR,2023-10-27
5228996944194683019,KEVIN,CARVALHO,(21)997310324,RS,REGULAR,2022-08-20
5050835590042742332,ANA SOPHIA,LIMA,(61)977418625,SP,REGULAR,2023-11-28
8179748822761638445,LEVI,BARBOSA,(71)977434902,RJ,REGULAR,2025-03-30
7670883054597462825,ANA LUIZA,CARDOSO,(84)986938068,RJ,REGULAR,2024-01-25
4014884029265682934,NINA,RIBEIRO,(50)903741608,SP,REGULAR,2024-09-18
1620773957978780927,YASMIN,DA CONCEICAO,(71)972233206,BA,REGULAR,2022-08-14
2032340298145140845,LARISSA,DA PAZ,(11)994511686,RJ,VIP,2024-08-19
1293381761682898753,LUIZ HENRIQUE,RAMOS,(21)999861622,BA,REGULAR,2024-11-09
397433889904631157,MARIA LUIZA,CASTRO,(51)991485646,RJ,REGULAR,2025-01-26
2273390569784987093,MARIA JULIA,RIBEIRO,(51)924629960,PR,REGULAR,2023-12-21
4923320734531762372,BENJAMIN,RIBEIRO,(81)950544471,RS,REGULAR,2023-04-04
3063466485809873620,HEITOR,PIRES,(61)946913736,BA,REGULAR,2024-06-05
136089592214273968,ISADORA,CALDEIRA,(31)921486289,SP,REGULAR,2022-05-28
5552902362653133041,DIOGO,DA PAZ,(81)930705345,RJ,REGULAR,2024-05-04
3156038165134203131,JULIA,COSTA,(41)935797279,SP,REGULAR,2024-08-18
5973240510473568195,DAVI LUCCA,FERREIRA,(31)940602933,RS,REGULAR,2025-01-14
5929365452164345383,ANA,DA LUZ,(30)900349446,MG,REGULAR,2023-11-21
4764870407706058475,LUIZ GUSTAVO,MOURA,(84)999441715,SP,REGULAR,2023-06-18
5691356092672940457,GIOVANNA,FREITAS,(71)943283096,MG,REGULAR,2025-04-02
73465542400116521,THIAGO,ARAUJO,(11)944666099,RS,REGULAR,2023-04-02
6797511885993429824,RODRIGO,TEIXEIRA,(71)958428241,BA,REGULAR,2024-04-14
3575350243552914524,MARIA LUIZA,CARDOSO,(71)938168460,PR,REGULAR,2022-05-12
6847089925542364600,EDUARDO,MENDES,(81)997252175,MG,VIP,2024-12-20
2385463590916199500,IAN,CALDEIRA,(11)974329271,BA,VIP,2022-02-11
2566092733323026792,LARISSA,PEREIRA,(71)967600835,SP,REGULAR,2022-05-05
3699858868870900500,ANTHONY,ALMEIDA,(51)935421689,BA,REGULAR,2023-03-08
473880392393351240,BERNARDO,BARBOSA,(31)947898562,PR,VIP,2023-09-29
7490665195044989994,ISABELLA,DA MOTA,(41)960332309,BA,REGULAR,2024-07-06
2851419126273870609,CAUA,MOREIRA,(51)964890901,SP,VIP,2025-01-24
5249916275269667209,BENJAMIN,CORREIA,(84)976184723,RJ,REGULAR,2025-03-30
1414163724958673037,MARINA,ALVES,(31)961849926,MG,REGULAR,2022-09-25
5215112552658314794,REBECA,COSTA,(11)911739348,RS,REGULAR,2023-02-22
9135946640467908860,ALEXANDRE,ALVES,(31)919721811,BA,REGULAR,2023-05-17
5790521669013489764,DANIELA,RAMOS,(21)947012045,MG,REGULAR,2025-01-03
594835296058073989,VICENTE,CORREIA,(41)900225579,RJ,REGULAR,2023-06-06
6010211190266278078,ISADORA,MENDES,(61)916674676,RS,REGULAR,2025-01-17
2484052281168827810,CARLOS EDUARDO,COSTELA,(81)921697972,SP,REGULAR,2024-11-19
2691446561128449183,STEPHANY,MORAES,(80)900277167,SP,REGULAR,2022-06-25
7655081365500800123,FRANCISCO,LOPES,(21)989935889,PR,REGULAR,2022-09-08
4790993165801345832,PEDRO,DA CRUZ,(21)977217535,RS,REGULAR,2023-06-21
1235991521540122811,LAURA,PORTO,(31)977517016,RS,REGULAR,2024-01-15
9215572901532493978,MATHEUS,VIEIRA,(11)919948837,RJ,REGULAR,2023-09-26
2051207332291518789,ENZO GABRIEL,RAMOS,(71)989975711,SP,REGULAR,2025-01-02
5243994000475246198,ALEXANDRE,MENDES,(11)948851027,PR,REGULAR,2022-11-19
5763072258331857488,REBECA,OLIVEIRA,(51)949331637,BA,REGULAR,2023-02-04
5326445058550249260,ANA LIVIA,PEIXOTO,(61)991779827,RS,REGULAR,2022-04-21
1682769264826472262,SARAH,BARROS,(81)969782922,PR,REGULAR,2022-09-23
6715972165116570579,BEATRIZ,CUNHA,(81)998485833,MG,REGULAR,2023-06-03
608598074441089562,NATHAN,PEIXOTO,(61)946081062,BA,REGULAR,2022-06-07
7636144438197284680,CECILIA,VIANA,(51)957198386,RJ,VIP,2023-04-19
8282622864497561405,VALENTINA,GOMES,(71)966658004,PR,REGULAR,2023-02-24
1898030973800223583,LEVI,DA LUZ,(11)922816064,PR,REGULAR,2024-08-26
6553953560972100180,CAUE,DA CRUZ,(80)904057202,SP,REGULAR,2023-08-29
7720238057829773906,CLARICE,DA MATA,(41)918268861,PR,REGULAR,2023-10-08
643823813195215933,ENRICO,MELO,(71)954398780,SP,REGULAR,2022-10-10
7860405598116658767,ISABEL,PORTO,(41)999305616,RS,REGULAR,2023-05-18
5713670203046691991,REBECA,GOMES,(41)985887704,RJ,REGULAR,2025-01-21
702964085314380642,IGOR,SILVA,(21)912880133,BA,VIP,2025-03-14
2027616407307118488,ANA LIVIA,DA ROCHA,(61)961207501,PR,REGULAR,2022-08-05
2263448826562474989,DAVI,FERNANDES,(84)919346676,RJ,REGULAR,2024-02-16
2440159062642748823,JOAO PEDRO,COSTA,(61)909190158,PR,REGULAR,2022-09-25
7447635175130558778,YURI,JESUS,(50)901476607,BA,REGULAR,2022-12-14
4879688606388722192,CLARICE,CUNHA,(61)984245088,PR,REGULAR,2022-11-20
4920500012955555048,REBECA,MONTEIRO,(11)968222394,BA,REGULAR,2023-11-02
8526135588521357000,DIEGO,BARROS,(81)978141413,SP,REGULAR,2024-03-10
4459032630911447618,HELENA,MORAES,(81)931491357,RS,VIP,2024-03-15
6703174525083062297,RYAN,DA COSTA,(30)909556205,PR,REGULAR,2023-02-05
6059898270769803398,THEO,PINTO,(84)952577754,MG,REGULAR,2024-10-05
3776254914010811666,ANA LIVIA,DA LUZ,(50)901428341,RJ,VIP,2022-10-08
2303160762646395044,LUIZ FERNANDO,ARAUJO,(80)909693084,BA,REGULAR,2024-08-05
2955102510092528126,LORENA,DA COSTA,(21)963942788,PR,REGULAR,2022-02-09
7961674128407415103,ISABELLY,SANTOS,(21)939282722,PR,REGULAR,2024-11-09
7421417812537446891,MIRELLA,DA CONCEICAO,(81)950373145,SP,REGULAR,2023-04-13
602243369692408022,RAUL,DA ROCHA,(41)956770051,PR,REGULAR,2025-12-04
1700112624348575900,MAYSA,FREITAS,(71)998926659,RJ,REGULAR,2025-01-24
2779934509944612855,LUIZ HENRIQUE,FERNANDES,(41)938655779,PR,REGULAR,2022-04-25
4065843284912884979,BEATRIZ,PIRES,(41)931843222,SP,REGULAR,2023-10-29
8331779194106531367,MAITE,BARBOSA,(50)902024286,RJ,REGULAR,2024-01-11
3593278990349532529,JUAN,DA CONCEICAO,(80)902984257,SP,REGULAR,2024-10-27
1876153310508677792,ANA CLARA,DIAS,(41)962103886,SP,REGULAR,2022-12-02
433496230456869545,ANA LUIZA,DA LUZ,(71)999088117,RJ,REGULAR,2025-02-02
5240583306828104505,OTAVIO,VIANA,(11)968650863,PR,VIP,2024-03-05
5733440025528676721,ISABEL,CASTRO,(11)924731498,MG,REGULAR,2024-10-01
4280078742140193211,MILENA,DA ROCHA,(51)965126944,MG,REGULAR,2024-07-26
9014270636611888386,MARIA FERNANDA,MOREIRA,(80)904636887,BA,REGULAR,2023-01-17
6679451974051858072,FERNANDO,LIMA,(50)905621372,MG,REGULAR,2022-09-17
4765865607263432008,LUIZ GUSTAVO,NUNES,(81)989026012,RJ,REGULAR,2024-04-16
6019797015989365404,LARISSA,CARVALHO,(84)943519066,RS,REGULAR,2024-11-23
2059759064324686506,YASMIN,SILVEIRA,(11)930988392,SP,REGULAR,2025-02-25
904723949191674479,JOAO,DA PAZ,(41)901184895,RJ,REGULAR,2023-10-05
7033307308461895069,ENZO GABRIEL,DA MOTA,(51)969042681,RJ,REGULAR,2024-08-30
1954908854701138363,ISIS,ROCHA,(51)957790714,PR,REGULAR,2022-07-29
6104896063422898384,MAYSA,DAS NEVES,(31)956588043,RJ,VIP,2023-05-07
8818400215911967527,JOAO,MENDES,(11)982755394,BA,REGULAR,2023-01-24
4164391275055094042,CAROLINE,SALES,(81)933433339,PR,REGULAR,2023-10-20
8849959113346149316,YAGO,CAVALCANTI,(71)917908075,SP,REGULAR,2024-04-12
5195452413884530498,MURILO,FREITAS,(84)928463920,RJ,REGULAR,2024-09-07
5766000736006096086,LUANA,VIANA,(51)985627187,MG,REGULAR,2023-08-18
6658806381853947693,ALANA,DA ROCHA,(41)991559428,SP,VIP,2023-05-27
6104088353778189513,GABRIEL,RIBEIRO,(80)905527636,PR,REGULAR,2025-04-06
7289870179770531223,JOAO,FREITAS,(41)929293143,RS,REGULAR,2024-08-24
3124889026663689486,ISIS,DA PAZ,(11)927026728,PR,VIP,2024-07-22
360333007643607464,VALENTINA,RODRIGUES,(31)948906120,RJ,REGULAR,2023-03-15
1819242139711960528,LUCAS,CASTRO,(41)954558845,SP,REGULAR,2022-05-16
4402687293261782303,ANA VITORIA,MONTEIRO,(50)903998245,RS,REGULAR,2023-09-01
7565256019322241562,MAITE,RODRIGUES,(41)916947225,PR,REGULAR,2024-01-30
5500566652732347549,MARIANA,NUNES,(11)912535544,BA,REGULAR,2024-10-11
2906518221842824522,JULIA,FOGACA,(31)959876220,PR,VIP,2022-10-26
2438851464671074006,MIRELLA,FERNANDES,(21)932611178,RS,REGULAR,2022-07-07
7030041966412740758,VITOR,NOVAES,(51)911492164,RJ,REGULAR,2023-06-04
7243487468886019855,ISABELLA,MARTINS,(71)978487282,PR,REGULAR,2024-10-19
8770875968315989837,LAIS,PINTO,(51)984578317,BA,REGULAR,2023-06-08
8666355138953011664,MARCOS VINICIUS,MOURA,(71)968663266,PR,REGULAR,2023-03-23
1928475363558299692,BRUNO,PEREIRA,(41)989448463,SP,REGULAR,2022-07-30
7571158469997692510,DANIEL,GONCALVES,(61)979749735,SP,VIP,2022-05-15
4728653138973872619,BENJAMIN,TEIXEIRA,(31)921442703,PR,REGULAR,2022-02-09
3007100741674577795,ANDRE,SALES,(11)956475705,PR,REGULAR,2022-08-17
1879662079827025168,BENICIO,FOGACA,(61)918723460,PR,REGULAR,2022-10-21
2521454482135884775,JOANA,PIRES,(51)903718376,SP,REGULAR,2025-08-03
1225622355195794986,IGOR,DA CRUZ,(61)988147435,RJ,REGULAR,2022-05-07
2158504490485970158,ANA VITORIA,NOVAES,(51)900979251,RJ,VIP,2023-05-05
8061711448620655144,LUIZ FELIPE,CARVALHO,(90)905005281,PR,REGULAR,2022-10-27
8156268580732186988,RYAN,NASCIMENTO,(11)924077848,BA,REGULAR,2025-02-04
3578934939062352766,CAROLINE,DA MATA,(71)955749821,SP,REGULAR,2024-07-18
5271022928345646235,LIVIA,NASCIMENTO,(61)909593518,RS,VIP,2023-08-12
3075688531925451322,LUIZ MIGUEL,SALES,(81)929456511,RJ,REGULAR,2024-05-07
5849530330065549723,ANA CLARA,BARBOSA,(81)920317310,SP,REGULAR,2024-09-18
5490003916714020789,JOANA,RODRIGUES,(51)999405391,RJ,REGULAR,2022-05-05
2214504185013631800,PIETRO,RODRIGUES,(21)970586509,RS,REGULAR,2023-02-06
5074783026788348237,THIAGO,DIAS,(61)963383928,MG,REGULAR,2024-08-29
6489296847712094004,SOFIA,CAVALCANTI,(50)905761228,PR,REGULAR,2023-12-30
4874330617684308765,HELOISA,DA CRUZ,(61)997558556,RJ,REGULAR,2024-12-23
5996120542396125505,REBECA,MARTINS,(50)903983684,MG,REGULAR,2023-10-25
7381584182086119438,BEATRIZ,JESUS,(11)943350488,SP,REGULAR,2024-08-26
7066062172223610985,MARIA JULIA,DA COSTA,(41)907522459,RJ,REGULAR,2023-08-05
5105781474254046931,FERNANDO,JESUS,(31)996931572,MG,REGULAR,2024-12-05
5091333307973199494,MARIA JULIA,CASTRO,(30)904096105,RJ,REGULAR,2023-07-10
1278392248150539648,KAMILLY,COSTA,(31)990604805,PR,REGULAR,2024-07-31
5368718004975736661,BRENDA,MARTINS,(21)932067998,MG,REGULAR,2022-02-09
274139145503356764,LEANDRO,GONCALVES,(61)922517908,MG,REGULAR,2023-12-26
556058973975854020,BRUNO,NUNES,(21)962278376,MG,REGULAR,2025-01-22
1165914806343307620,CATARINA,SOUZA,(51)931465911,PR,REGULAR,2025-02-21
3452503224081938030,LARA,MOREIRA,(84)935590425,RJ,REGULAR,2024-11-27
8985947149516313734,MARIANE,DA CONCEICAO,(31)903352110,BA,VIP,2023-04-27
4670610011408656677,BIANCA,GOMES,(21)951477053,MG,REGULAR,2024-07-28
3020467667584619711,EMANUEL,VIANA,(41)948792069,SP,VIP,2025-08-02
3962295155063066444,AMANDA,FERNANDES,(41)904394070,RS,REGULAR,2022-07-26
3493715181870998149,MIRELLA,FOGACA,(21)910463681,SP,REGULAR,2023-08-17
2269673131981486379,MARIA VITORIA,TEIXEIRA,(31)923878003,RS,REGULAR,2024-07-15
3879566117481716752,ISAAC,RODRIGUES,(61)920555438,MG,REGULAR,2023-06-16
4422014253013412529,RAFAEL,CUNHA,(31)968936392,SP,REGULAR,2024-06-02
3574144595727754170,OTAVIO,MELO,(41)982329832,BA,REGULAR,2023-08-08
2552887400710484206,MARCELA,CUNHA,(21)929251881,RS,REGULAR,2023-01-26
9222292918530305608,THOMAS,ARAUJO,(51)966474231,RJ,REGULAR,2022-05-11
8751811877352642854,ANTONIO,FOGACA,(50)909939330,SP,REGULAR,2023-10-25
5178179072199208238,RYAN,ROCHA,(84)989752677,SP,REGULAR,2022-11-14
7087574873050656476,DIOGO,DAS NEVES,(51)960463331,RS,REGULAR,2023-01-15
3594652900468607733,MARIANA,RODRIGUES,(61)973660965,MG,REGULAR,2023-12-18
4929919642562742617,SOFIA,TEIXEIRA,(51)908177038,BA,VIP,2024-07-28
2796134929649196658,LUCAS GABRIEL,DA CUNHA,(11)949082771,SP,VIP,2024-05-31
1746550638915407302,DIEGO,VIANA,(84)966570279,RS,REGULAR,2023-02-22
5664006040854657205,ANA LAURA,FERNANDES,(61)921117518,BA,REGULAR,2023-02-12
2840095300180239451,MARIANA,DA CRUZ,(41)986025922,MG,REGULAR,2022-11-25
5897664085852830846,CAUE,DA PAZ,(11)994077780,PR,REGULAR,2024-11-14
7599919940548478195,EDUARDA,DA ROSA,(90)907767199,RJ,REGULAR,2022-04-25
4342995521419964323,MARCOS VINICIUS,FREITAS,(90)908302205,SP,VIP,2022-11-06
7202120219702598318,ARTHUR,JESUS,(71)910162249,RS,REGULAR,2025-04-02
3455800871654795875,MARIA VITORIA,DA LUZ,(51)995014556,SP,REGULAR,2022-07-29
3311874979982248891,MARIA CLARA,CAMPOS,(21)972145868,RJ,REGULAR,2023-07-03
5825637744184841173,MARIA,LOPES,(71)989952997,PR,REGULAR,2024-06-30
8191162714176151017,LUNA,SALES,(61)993430107,MG,REGULAR,2024-11-12
7730605812657086014,VICENTE,DA ROCHA,(80)906605583,SP,REGULAR,2022-02-05
1733495987918748943,CATARINA,GOMES,(61)914488501,SP,VIP,2025-03-15
5590569151219822966,JOAO VITOR,ARAUJO,(51)935577027,PR,REGULAR,2022-12-12
8791064320560505957,ALEXIA,DA ROCHA,(50)905512405,RJ,REGULAR,2023-11-17
8886465328354280023,MARIA ALICE,DA CUNHA,(50)909629145,MG,REGULAR,2022-03-06
3396211739893712700,JUAN,CARVALHO,(11)935743842,RS,REGULAR,2022-06-10
6818257166307659703,JOAQUIM,ROCHA,(51)945218230,RJ,REGULAR,2024-03-28
6661416578538023801,CALEBE,SILVEIRA,(41)909435334,SP,VIP,2023-06-18
2709771071197018107,GABRIELLY,PIRES,(71)942241098,RJ,REGULAR,2024-06-21
2602950166757857400,HENRIQUE,MENDES,(71)970207016,PR,REGULAR,2022-07-06
2955356794636406456,KEVIN,NOVAES,(51)999795453,RJ,VIP,2025-02-20
1016568077952674631,ANA JULIA,REZENDE,(30)902171747,PR,REGULAR,2024-04-15
7961932859175796114,ENZO GABRIEL,DA CONCEICAO,(80)904562557,BA,REGULAR,2024-11-05
7255484121778674696,BERNARDO,RIBEIRO,(61)957724599,BA,REGULAR,2022-10-30
2685450703032921860,LUIZ OTAVIO,REZENDE,(71)996393827,RJ,REGULAR,2023-02-12
7484538389961720248,OLIVIA,DUARTE,(51)919719975,RJ,REGULAR,2024-08-24
8271398141669585940,MIRELLA,CALDEIRA,(31)932902278,MG,REGULAR,2023-12-07
6758389865110649278,RAQUEL,MONTEIRO,(31)990986240,MG,REGULAR,2023-09-11
234734072751047184,ANA BEATRIZ,ALMEIDA,(84)951403696,BA,REGULAR,2024-11-12
8081892935219784498,JOAO,NASCIMENTO,(21)983272386,PR,REGULAR,2023-10-25
6792070625899590318,BRENDA,GOMES,(81)920102762,BA,REGULAR,2022-08-24
242378881148276774,MAITE,PEREIRA,(81)976532690,MG,REGULAR,2024-09-29
1455243591887221966,LUANA,MOURA,(61)997128478,RJ,VIP,2022-08-14
3244608212172915851,MARIANA,CARVALHO,(51)971894905,RJ,REGULAR,2024-07-24
652087184020666337,LUCAS,RAMOS,(31)979565442,RJ,REGULAR,2022-09-06
1727899627941707709,SOFIA,JESUS,(30)904079290,RJ,REGULAR,2025-01-28
6600024560694834513,VICENTE,ARAUJO,(11)971281442,RJ,REGULAR,2024-11-25
7544199868995426404,GUILHERME,FERNANDES,(21)919292752,RS,REGULAR,2023-05-26
2789236404917460819,BRENDA,SALES,(81)963723950,RJ,REGULAR,2025-06-01
2761739007467559009,DANIELA,NASCIMENTO,(51)974286047,RS,REGULAR,2023-11-29
1214882788139619668,GABRIELLY,SOUZA,(61)918569454,SP,REGULAR,2023-04-06
2973900472047019779,FERNANDO,NOVAES,(61)939385258,SP,REGULAR,2022-01-05
7384432186288930705,THIAGO,GOMES,(61)930091093,RJ,REGULAR,2024-01-11
8535458887006623983,ANA VITORIA,COSTA,(31)992692124,RS,VIP,2023-07-16
8112203686435873218,MIRELLA,CARDOSO,(51)946542140,PR,REGULAR,2023-11-29
8421558612778259265,HELENA,CALDEIRA,(71)942717396,RJ,REGULAR,2023-01-17
7709100404587941772,LUIZA,CAVALCANTI,(11)986391741,SP,REGULAR,2022-08-06
2930712321080756380,BRENO,FERNANDES,(41)907200642,MG,REGULAR,2025-04-05
5355768158743082441,MURILO,ALMEIDA,(31)977661830,PR,REGULAR,2023-12-02
9090087724403276941,ANA VITORIA,TEIXEIRA,(11)954601585,SP,REGULAR,2022-08-18
4227344332461135976,SOPHIE,GONCALVES,(81)928063461,BA,REGULAR,2024-12-19
4569618083436965593,THIAGO,DUARTE,(84)961847870,MG,REGULAR,2022-11-06
1483302338381489757,JOAQUIM,BARBOSA,(71)913878293,RJ,REGULAR,2022-05-08
8607762206182288884,VICENTE,DA CONCEICAO,(84)907903202,BA,REGULAR,2024-12-23
8502317667537627890,HENRIQUE,CASTRO,(51)992911179,RJ,REGULAR,2024-11-26
5297739111972502646,VITOR HUGO,BARBOSA,(90)902511426,SP,REGULAR,2023-01-01
5682042936748494682,MARIA CLARA,DA CUNHA,(31)939021962,PR,REGULAR,2022-09-05
8409892441736074677,ANA JULIA,ALMEIDA,(11)921946723,RS,REGULAR,2022-11-23
2822387802943936963,EMANUELLY,SILVEIRA,(41)963290927,RJ,VIP,2024-11-19
6688681810633441654,PEDRO LUCAS,JESUS,(84)960833181,MG,REGULAR,2024-01-12
1426975684116539268,LUCAS GABRIEL,DA ROCHA,(84)903127722,RJ,VIP,2025-02-19
8984021571293249145,BENJAMIN,MOREIRA,(11)936459701,PR,REGULAR,2022-07-04
8276209483785264260,MARIA SOPHIA,MARTINS,(84)935315313,SP,REGULAR,2024-01-16
4332083019225890071,JOAO MIGUEL,DAS NEVES,(11)979706239,RS,REGULAR,2024-03-22
1589100152718802954,ARTHUR,CALDEIRA,(84)921776253,MG,REGULAR,2023-07-17
1129527180991675739,BRUNA,DA CUNHA,(50)908316873,RJ,REGULAR,2024-10-20
6548914371461359872,LETICIA,FREITAS,(21)963356939,PR,REGULAR,2022-12-01
2765002364983345380,AGATHA,PEIXOTO,(61)907806867,RJ,REGULAR,2025-01-04
7361306752952649090,LEVI,SALES,(41)918063254,PR,REGULAR,2023-04-21
8813067000476856371,LETICIA,CUNHA,(71)925701658,MG,REGULAR,2022-05-06
4801273811405028169,HELENA,CALDEIRA,(31)950165790,MG,VIP,2023-04-11
1409319085609366657,PEDRO,CAMPOS,(84)932538179,BA,REGULAR,2025-11-04
8279069914288798176,JOAO LUCAS,MONTEIRO,(41)978817884,MG,REGULAR,2024-03-17
4233926746098957709,ISADORA,CAMPOS,(71)971162411,RS,REGULAR,2022-12-25
6417313660567045995,CARLOS EDUARDO,DA CONCEICAO,(11)923804682,SP,REGULAR,2024-04-20
3417657789790173086,LEONARDO,ARAGAO,(21)931038569,BA,VIP,2023-09-29
198060245815906439,MELISSA,MARTINS,(84)998877492,SP,REGULAR,2023-04-08
5527617381259098744,FRANCISCO,DIAS,(81)954025472,RJ,VIP,2024-01-12
7630961437257448319,THEO,TEIXEIRA,(11)922223105,RJ,REGULAR,2024-09-23
4950953234253679595,JOAO LUCAS,PORTO,(71)928410672,RJ,REGULAR,2024-03-26
1628547504771877995,ALEXANDRE,VIANA,(21)954749297,SP,REGULAR,2023-09-23
7081510899132923181,SABRINA,ROCHA,(61)928140693,MG,REGULAR,2024-08-03
595040931169132791,IGOR,CALDEIRA,(50)903983430,RS,REGULAR,2022-08-23
4427267998735971097,LAVINIA,CARVALHO,(31)963759980,SP,REGULAR,2025-02-13
3753185681647599037,LUCAS,SOUZA,(71)919610646,RS,VIP,2023-11-01
10851122807872698,LETICIA,CUNHA,(81)926487049,PR,REGULAR,2023-07-31
8437104780372455388,MAYSA,RIBEIRO,(71)946273014,SP,REGULAR,2024-05-20
3542237162189466897,NOAH,MOREIRA,(80)907964715,RJ,REGULAR,2024-06-19
5823620166517387979,ALEXIA,FERREIRA,(31)990257252,SP,REGULAR,2022-06-07
5818940704364307516,JOAO GUILHERME,PEIXOTO,(11)904481832,RJ,REGULAR,2022-09-09
4074376155187261716,SOPHIA,DA CUNHA,(71)955445189,PR,REGULAR,2023-10-13
8856301398788294214,ANDRE,CUNHA,(41)945765213,SP,REGULAR,2022-11-12
8179992957402052725,CLARICE,DA MOTA,(84)998881671,PR,REGULAR,2022-10-13
1190850035995827539,ANTHONY,ROCHA,(84)945279852,RJ,REGULAR,2023-01-08
6576926444981220208,CAUE,CARDOSO,(11)911076031,PR,VIP,2022-05-06
6689119701571639253,MAITE,CALDEIRA,(71)914014011,PR,VIP,2024-05-11
6450440659880692883,NICOLAS,DA PAZ,(61)950124955,RJ,REGULAR,2022-12-20
736729641577485159,STEPHANY,DUARTE,(21)991190833,RJ,REGULAR,2023-06-27
3761455440743393633,NICOLE,CAVALCANTI,(61)956638361,SP,VIP,2023-08-16
7931663786853990463,LUCAS GABRIEL,CORREIA,(41)927548015,RJ,REGULAR,2024-05-21
8952133912484592056,KEVIN,DA MOTA,(84)975207167,SP,REGULAR,2024-05-07
989969926278448229,NICOLE,CARDOSO,(71)926691215,MG,REGULAR,2023-02-18
5069839039428251435,NOAH,NUNES,(71)936749946,SP,REGULAR,2023-10-20
4125854406775319156,NATALIA,NUNES,(84)984271147,RJ,REGULAR,2024-05-26
4879752881583745631,PEDRO LUCAS,CUNHA,(41)910170269,SP,REGULAR,2025-05-03
7176880274429399027,HEITOR,CASTRO,(11)987734778,PR,REGULAR,2023-05-26
3034785408543572610,HELOISA,VIANA,(71)900616756,RS,REGULAR,2024-02-03
4925899693308689856,ALICIA,AZEVEDO,(51)984276246,SP,REGULAR,2024-11-05
4274801919322811947,MIGUEL,RODRIGUES,(81)989778280,RJ,REGULAR,2023-12-14
8247490036660480332,LUIZ FELIPE,NASCIMENTO,(80)905450090,RS,REGULAR,2022-10-31
7637216737839376456,VICENTE,ARAUJO,(81)961655650,BA,VIP,2025-05-02
5605747695217030795,FELIPE,DUARTE,(41)991141520,RJ,REGULAR,2024-07-29
6775224075697821270,LORENZO,PEREIRA,(30)908640790,PR,REGULAR,2023-08-18
1591128872077876651,MARIA JULIA,NOGUEIRA,(61)991713578,PR,REGULAR,2025-02-14
7365673922045817336,PAULO,JESUS,(21)963718344,MG,REGULAR,2022-06-28
7708629657406559183,MURILO,NUNES,(21)991919541,BA,REGULAR,2024-11-09
637311147027387152,LORENA,PEREIRA,(84)951484685,RS,VIP,2023-02-20
7917577923916507302,JULIANA,FERNANDES,(90)908782082,RS,REGULAR,2024-09-27
6071457077306110251,CLARA,REZENDE,(81)989690835,MG,REGULAR,2024-02-04
6243568182086453536,ERICK,DA COSTA,(31)966513644,RJ,REGULAR,2025-12-01
500630557949156238,FERNANDO,DUARTE,(71)931230347,RS,REGULAR,2024-08-05
7743009711617080476,LARISSA,PEREIRA,(51)932420448,RS,REGULAR,2023-01-13
612712001694670637,AMANDA,RODRIGUES,(31)901594165,PR,VIP,2025-02-21
1841131844372218652,ANA LAURA,NOVAES,(84)931981898,SP,REGULAR,2023-11-05
99077041318697785,EDUARDA,PEREIRA,(11)921234764,MG,REGULAR,2024-10-16
2982984412975362635,LUIGI,TEIXEIRA,(31)915867342,MG,REGULAR,2023-10-31
1618331927769232655,RAQUEL,MOURA,(41)909003486,RJ,REGULAR,2023-08-08
9221559962147184011,PIETRA,MOREIRA,(71)983760644,PR,REGULAR,2022-02-09
3293994971657382963,HEITOR,DA ROCHA,(31)975604177,MG,REGULAR,2024-01-16
7516412523878280121,SOPHIE,BARROS,(61)972063459,MG,REGULAR,2022-08-20
2913097652369933058,DAVI LUCCA,FARIAS,(41)929657724,PR,REGULAR,2023-09-01
3189528017729373605,MARIA SOPHIA,MARTINS,(11)931652669,RS,REGULAR,2023-03-29
8936805335838946308,EMANUELLA,DA COSTA,(31)952910867,RJ,REGULAR,2025-02-23
5914204336970313972,ANA VITORIA,DAS NEVES,(84)934476263,BA,REGULAR,2024-02-11
7931954882395541009,ELISA,MOURA,(80)907107256,RS,REGULAR,2025-03-17
2827192191859408826,THEO,NOGUEIRA,(11)994118005,MG,REGULAR,2023-04-15
8387703451797872681,ISADORA,COSTELA,(84)909242875,PR,REGULAR,2024-04-10
20825891582719162,BRYAN,LOPES,(51)962415027,MG,REGULAR,2023-06-25
3888809420870087450,LARISSA,GOMES,(71)994856257,SP,VIP,2022-06-12
2416189193902312806,MIRELLA,PIRES,(71)932032074,RJ,REGULAR,2022-12-25
4531642077130854072,LUNA,CORREIA,(11)915134228,RS,REGULAR,2023-12-06
1270584402088591639,MIRELLA,DA ROSA,(80)900892613,MG,REGULAR,2024-05-27
5293261115842418956,ANTONIO,CARDOSO,(51)977490509,SP,REGULAR,2024-03-19
1312023723791992420,MARIA,NASCIMENTO,(31)964236103,RJ,VIP,2022-12-24
727164480852670170,STEPHANY,NUNES,(11)921476492,MG,REGULAR,2023-10-24
3536969594779166210,VITOR GABRIEL,PEREIRA,(31)992661085,SP,REGULAR,2024-04-04
3977009649354760481,ANA JULIA,ROCHA,(31)922438649,BA,REGULAR,2022-06-28
7423053557956020808,ANA JULIA,BARBOSA,(31)918661794,SP,REGULAR,2023-10-19
6063213113507737346,BRUNO,PEIXOTO,(31)959779452,RJ,REGULAR,2023-09-03
5407503060736391302,BRUNO,FERREIRA,(51)968006102,RJ,REGULAR,2025-01-26
6696635210621589690,LAIS,NUNES,(50)907499564,MG,REGULAR,2022-08-29
296418278454611240,DANIEL,ALVES,(71)910303723,PR,REGULAR,2024-02-21
2040317973751092902,DAVI LUIZ,DA COSTA,(31)977079334,MG,REGULAR,2024-09-15
4031448354974795867,ANA BEATRIZ,MELO,(21)916679984,RJ,VIP,2022-11-06
4267260736111272255,JULIANA,RODRIGUES,(31)999730806,SP,REGULAR,2024-09-26
4483750311248900796,GABRIEL,PEIXOTO,(71)917957602,PR,REGULAR,2023-06-07
4977033453198726698,LORENA,MONTEIRO,(31)938395972,BA,REGULAR,2023-07-13
225572953027998972,LUANA,COSTELA,(51)932971674,BA,REGULAR,2023-04-14
5319878167741101723,MATHEUS,BARROS,(31)954522801,RJ,REGULAR,2023-09-21
1246079403241349198,ANA SOPHIA,DIAS,(71)983745508,RJ,REGULAR,2023-04-06
3989705885722303384,RYAN,SILVA,(50)901077119,MG,REGULAR,2024-11-17
4488699144399782311,MATHEUS,BARBOSA,(21)912135247,SP,REGULAR,2024-09-06
4237076025660296646,KAMILLY,ALMEIDA,(51)975482145,SP,REGULAR,2024-01-19
760352571024894152,DAVI LUCAS,SOUZA,(84)932666785,SP,REGULAR,2022-05-31
3007151159722141496,BIANCA,ALVES,(41)911556260,BA,REGULAR,2023-12-17
2092237302785519084,RAFAEL,DA COSTA,(50)900846684,SP,REGULAR,2023-08-15
9192318917085598414,GUILHERME,SOUZA,(80)902673899,SP,REGULAR,2025-01-22
7487524586435300332,PIETRA,MONTEIRO,(71)934108562,SP,VIP,2024-01-07
2289038369432010776,ESTHER,DA ROSA,(31)988485200,RJ,REGULAR,2024-07-31
1703460116735798946,EMANUELLA,DUARTE,(31)968105485,SP,REGULAR,2022-10-24
4197427719069953832,VITOR GABRIEL,COSTA,(41)949075399,SP,VIP,2024-12-15
5125393645281269701,MARIA ALICE,DIAS,(84)944926831,RS,REGULAR,2023-06-09
4037829383125811697,MARIA LUIZA,DA MOTA,(21)971266110,RS,REGULAR,2024-04-02
1807940651805571624,NATHAN,SALES,(11)977622827,PR,REGULAR,2024-03-26
6234150803745584939,THALES,SILVA,(51)913770285,RJ,REGULAR,2022-10-15
7137831930568867262,JOAO LUCAS,JESUS,(21)970229604,RJ,REGULAR,2023-06-29
7058245054705084566,DANIELA,NOVAES,(81)980741209,RS,REGULAR,2024-12-19
362246375301080380,MARIA EDUARDA,COSTA,(84)913989098,PR,REGULAR,2023-03-02
298079213343013264,LIVIA,ARAGAO,(71)982043397,SP,VIP,2022-08-24
3299944392091736427,MARIA,MARTINS,(71)990705626,SP,REGULAR,2022-05-22
3789282328508785043,DANILO,DA MATA,(61)912462095,RS,REGULAR,2023-01-22
8906012385956963833,THEO,CALDEIRA,(31)961526546,PR,REGULAR,2022-10-20
37344561744978754,EDUARDO,DUARTE,(30)909378861,SP,REGULAR,2023-07-06
5129244376381455535,IAN,REZENDE,(81)961706304,BA,VIP,2024-08-22
4393750798786730648,NICOLE,CASTRO,(51)982496718,BA,REGULAR,2023-02-25
36903708001593760,JOAO LUCAS,VIANA,(41)938687007,BA,REGULAR,2024-04-12
7503542786492557329,PIETRO,DA CUNHA,(11)907494653,SP,REGULAR,2024-10-10
7523952391734098111,ESTHER,BARBOSA,(31)989141612,MG,REGULAR,2024-08-26
3111476268634821975,GIOVANNA,MENDES,(84)979502097,RJ,VIP,2022-04-21
2404079255116580520,RENAN,DA LUZ,(81)987681180,SP,REGULAR,2025-02-21
601428908591507795,NICOLE,COSTA,(11)969562017,PR,REGULAR,2023-11-11
3705460881799560007,LEONARDO,ALVES,(21)904531943,RS,REGULAR,2023-04-14
7387656991534857890,ISABELLY,AZEVEDO,(84)979303614,SP,VIP,2024-09-15
1320375934656016469,LUNA,DA CUNHA,(81)939992192,PR,REGULAR,2022-07-25
5486578317891234162,KEVIN,BARROS,(61)966418775,SP,REGULAR,2024-06-26
8316794955611124305,CAROLINE,MELO,(21)990361332,SP,REGULAR,2023-08-09
140924001295432635,BERNARDO,CASTRO,(41)976095431,MG,REGULAR,2024-04-18
8819743793983536548,JOAQUIM,BARROS,(71)983199717,SP,REGULAR,2024-09-30
6434609066575671639,BRUNO,CALDEIRA,(51)965120704,RS,REGULAR,2024-11-18
3036503054626190375,LARISSA,CAMPOS,(51)908046619,SP,REGULAR,2024-01-13
4672170973376660193,NOAH,ALVES,(51)967699150,PR,REGULAR,2024-03-20
6376703062013707095,HELENA,DA MOTA,(51)910919392,BA,REGULAR,2024-12-30
6411648337009096854,AUGUSTO,CALDEIRA,(81)949685498,BA,VIP,2022-11-27
4717612938646999603,LUCAS,LIMA,(50)905450892,SP,REGULAR,2022-07-13
5531493118291770962,JOAQUIM,DA MOTA,(71)979599594,MG,REGULAR,2024-01-25
880118650275417875,CALEBE,RAMOS,(61)973033793,RJ,REGULAR,2023-04-21
791062598504970079,JOAO GABRIEL,ARAUJO,(84)912473950,SP,REGULAR,2022-05-31
5616716897163068490,EDUARDO,ARAGAO,(51)941026153,SP,REGULAR,2023-02-08
5641864133778121875,VITOR HUGO,DA MOTA,(61)942530428,SP,REGULAR,2024-08-10
2855694808086060110,CECILIA,CARDOSO,(71)991286857,SP,REGULAR,2024-06-29
816926431429517901,CAMILA,MARTINS,(31)987774969,RS,REGULAR,2025-01-18
8455160551411597276,EMANUEL,DAS NEVES,(81)973634669,PR,REGULAR,2022-12-15
1059943934419850399,MARCOS VINICIUS,CARDOSO,(84)914785390,MG,REGULAR,2024-06-04
8601417888667202788,MARIANE,MENDES,(11)977665754,BA,REGULAR,2023-11-30
8937052952031788267,DAVI,PIRES,(31)941514888,RS,REGULAR,2025-09-01
5296801614188535976,YURI,FREITAS,(31)911150835,RJ,REGULAR,2023-02-14
3016568695860226059,HELENA,FERNANDES,(31)943928404,SP,REGULAR,2023-06-27
7539054294080854596,JOAO,ALVES,(71)982633373,RJ,REGULAR,2024-06-24
138671989541353544,STELLA,PEIXOTO,(84)977805292,MG,REGULAR,2023-02-08
2171332273878171247,LUNA,MORAES,(81)936668459,RS,REGULAR,2022-05-21
3140312030852249373,VALENTINA,AZEVEDO,(84)925999966,MG,REGULAR,2023-02-26
972727094311297634,ANA CLARA,TEIXEIRA,(51)937159741,MG,REGULAR,2023-06-01
6231758093170813233,RENAN,VIEIRA,(51)909702316,PR,REGULAR,2023-06-30
2719022612509953277,ENZO,GONCALVES,(51)917058025,RJ,REGULAR,2024-01-13
1550041382589905455,CECILIA,COSTELA,(84)946729949,PR,REGULAR,2023-02-23
3039799105294929598,RAQUEL,RAMOS,(84)930271693,MG,REGULAR,2024-10-07
3881493764608544625,LORENZO,REZENDE,(50)900147546,SP,REGULAR,2024-11-22
5013290020291726778,ANA LUIZA,NOVAES,(61)932484137,BA,REGULAR,2024-01-14
3544454025021746258,FERNANDO,DA ROCHA,(21)907017656,PR,REGULAR,2023-11-02
8632657208441020986,LETICIA,CAMPOS,(21)983727422,PR,REGULAR,2022-05-13
6141969222254374607,ANA LUIZA,DA LUZ,(21)918621042,SP,REGULAR,2024-02-28
5964963964821277668,ENRICO,AZEVEDO,(61)937081647,MG,REGULAR,2022-07-04
3040184467202788352,AGATHA,BARROS,(41)933533106,PR,REGULAR,2022-05-28
2353518168917607902,JOAQUIM,DA MOTA,(84)931220681,RS,REGULAR,2023-05-09
4491196918838315771,PEDRO HENRIQUE,DA ROCHA,(71)966133155,PR,REGULAR,2023-09-01
3257667004262699609,JOAO,LOPES,(21)963731495,RS,REGULAR,2022-06-22
5761412640170319518,CAIO,MARTINS,(51)925257150,RJ,REGULAR,2024-11-15
3288312763459863515,LAVINIA,NASCIMENTO,(31)938903091,PR,REGULAR,2023-07-08
4076925645048254383,EDUARDO,DA COSTA,(41)930397524,SP,REGULAR,2023-08-20
1192181801910938438,VALENTINA,BARBOSA,(41)964035533,BA,VIP,2024-07-31
3632443623070836566,RAUL,FARIAS,(21)996852701,RS,REGULAR,2024-05-17
660669925791254199,DIOGO,BARROS,(11)932129833,RJ,REGULAR,2024-11-06
5092590715633611371,KEVIN,REZENDE,(41)923362934,MG,REGULAR,2023-02-07
521096402625268368,LAVINIA,DA PAZ,(81)971566277,BA,REGULAR,2024-01-31
3605442713450258310,MARIANA,PINTO,(21)970661498,MG,REGULAR,2022-08-12
8444286696311429409,SABRINA,DA LUZ,(61)967474689,BA,REGULAR,2024-01-05
2767488603817486978,LUIZ FERNANDO,MOURA,(84)966656749,RS,VIP,2022-08-02
4680576948766817759,ALICIA,COSTA,(51)992364587,MG,REGULAR,2024-12-26
1856510021518850846,PIETRA,CALDEIRA,(51)963370502,PR,REGULAR,2023-05-26
4237150623295237458,LAIS,DA CONCEICAO,(61)939920116,MG,REGULAR,2023-12-23
8653103195745407924,ANA JULIA,SILVEIRA,(71)962644886,RS,REGULAR,2024-11-10
6197315626069271453,SOFIA,NOVAES,(41)902701168,RJ,REGULAR,2024-01-22
5905233282254228932,ESTHER,PINTO,(41)925223728,SP,VIP,2022-03-10
5587097138749668477,MARIA FERNANDA,DA ROSA,(61)930234679,SP,REGULAR,2022-01-10
2783073095479971345,NATHAN,DUARTE,(81)971004090,SP,REGULAR,2022-12-09
2003908291671808833,JOAQUIM,MOURA,(81)953566905,RJ,REGULAR,2023-10-09
3041889428879367910,EMILLY,FARIAS,(31)979786305,BA,REGULAR,2022-11-05
5777785257999233683,ISABELLY,BARBOSA,(61)973976915,BA,REGULAR,2024-08-02
4380520129664218781,MIRELLA,CASTRO,(51)949328980,RJ,REGULAR,2022-10-30
3250982183880756062,LUCCA,VIANA,(41)933211602,BA,REGULAR,2023-04-09
2551994721080495264,STELLA,FREITAS,(21)947128715,MG,REGULAR,2023-03-28
1197204024568691823,STELLA,CAMPOS,(81)966863341,RS,REGULAR,2023-11-07
2126920295065184249,CARLOS EDUARDO,CARVALHO,(81)993195256,SP,REGULAR,2024-09-27
3769015757259485706,GABRIELA,CALDEIRA,(90)908366552,SP,REGULAR,2024-06-30
7039325499734686253,MARIA,DAS NEVES,(51)960875243,PR,REGULAR,2024-05-30
1076693508505058844,LAIS,DA CONCEICAO,(30)904209548,SP,REGULAR,2025-03-19
8834133270570754779,GUILHERME,ROCHA,(11)974605233,RS,REGULAR,2025-07-04
5269892209093967297,STEPHANY,DA LUZ,(84)964208656,BA,REGULAR,2025-03-03
1664899665521000048,JULIA,CASTRO,(81)959047292,RJ,REGULAR,2024-02-29
4882822441593381389,EVELYN,DA CONCEICAO,(84)933059126,RS,VIP,2024-07-02
5153991583726768578,BARBARA,CALDEIRA,(41)957201859,BA,REGULAR,2024-02-18
3137381148279319815,CAMILA,NASCIMENTO,(31)976475011,PR,REGULAR,2022-08-21
1034079244453847333,LUIGI,SILVA,(21)909997419,SP,VIP,2023-01-21
5444374755741350969,LUANA,PINTO,(31)992151826,BA,REGULAR,2025-07-04
4299005135341802636,JOAO VITOR,TEIXEIRA,(51)971898131,RS,REGULAR,2023-01-20
2052994014654380184,OLIVIA,DA MATA,(11)987510293,RJ,REGULAR,2025-01-23
7074163981635460285,BRYAN,FERNANDES,(51)911845826,RS,VIP,2025-01-31
7618756162380053359,FELIPE,JESUS,(61)984872975,SP,VIP,2024-05-07
5294187882286829589,RYAN,CASTRO,(61)930324329,MG,REGULAR,2024-08-18
811377905649910021,BRUNA,NUNES,(51)914628314,RJ,REGULAR,2024-12-22
4119104418650988636,ELISA,CARDOSO,(81)918186151,PR,REGULAR,2023-10-30
1678563226308059865,JOAO MIGUEL,CAVALCANTI,(71)928497185,PR,REGULAR,2025-07-04
4729798153103496401,JOAO FELIPE,TEIXEIRA,(81)996792408,BA,REGULAR,2022-12-12
4373831541558817892,NICOLE,PEIXOTO,(51)927578446,PR,REGULAR,2024-06-30
5178145193530523925,GABRIELA,CARVALHO,(41)965111312,RJ,VIP,2024-09-24
691991076295462836,BRUNO,GOMES,(81)970682778,PR,REGULAR,2025-03-14
8186062281332815247,MARIA ALICE,COSTA,(71)909306853,RJ,REGULAR,2025-05-02
9122548036410227005,NINA,BARBOSA,(50)907283215,BA,VIP,2022-08-11
3115231856279841,ISABELLA,BARROS,(11)976251538,RJ,REGULAR,2022-10-15
8165497441209253841,HEITOR,ROCHA,(21)943096348,MG,REGULAR,2022-09-06
4056357458275995945,MARIANE,RODRIGUES,(81)950975451,PR,REGULAR,2022-04-23
7860356162219549235,JOAO,MORAES,(21)916731882,MG,REGULAR,2024-01-13
8483261552096747628,LUIGI,ALMEIDA,(21)943765456,RJ,VIP,2023-01-23
338937157367179156,EMANUELLY,CAVALCANTI,(31)972256053,RS,REGULAR,2022-04-10
663005092903201967,REBECA,NOGUEIRA,(81)911022580,SP,VIP,2025-03-13
397224428439367712,BENJAMIN,MENDES,(11)990674471,PR,REGULAR,2024-10-02
2327060776460258581,LARA,DA PAZ,(71)918923923,BA,REGULAR,2022-10-19
6973783442239370948,JOAO,AZEVEDO,(84)932609310,SP,REGULAR,2023-11-27
6514013156171186768,MARCELA,LIMA,(31)935670860,RS,VIP,2023-07-31
8055324352041621889,GABRIEL,MOREIRA,(84)956350200,BA,REGULAR,2022-05-07
3675766595725578511,SOFIA,MARTINS,(11)947491624,PR,REGULAR,2024-05-17
9151841543265379130,CAUE,COSTA,(61)993371189,RJ,REGULAR,2023-09-29
8839145809922376612,THIAGO,RIBEIRO,(81)982023684,SP,REGULAR,2024-01-09
4901150377842172566,LEVI,COSTA,(21)917688029,SP,REGULAR,2023-06-15
7113565260070113642,EVELYN,BARBOSA,(30)900367881,RJ,REGULAR,2022-12-28
3418212801071875826,DAVI LUCCA,DA ROSA,(90)900878844,MG,VIP,2023-03-23
508827548431139674,THALES,FOGACA,(81)912308340,SP,REGULAR,2025-02-01
1620353178687649936,GUILHERME,CUNHA,(81)903381059,SP,REGULAR,2023-09-11
6263889776774376530,THALES,VIEIRA,(71)926945005,RJ,REGULAR,2023-03-21
1545879661431327868,CAMILA,FERNANDES,(31)989164983,PR,REGULAR,2024-02-03
287811212790423297,LARISSA,MOURA,(11)971727223,PR,REGULAR,2024-09-16
2291167939656281265,SABRINA,DA MATA,(11)904226931,PR,REGULAR,2022-11-24
7136299500152492032,KEVIN,FARIAS,(51)961820916,PR,REGULAR,2023-02-12
3542760009589515820,CARLOS EDUARDO,ALVES,(61)923142900,SP,REGULAR,2022-09-26
5347419040310867425,DAVI LUCAS,FARIAS,(81)984810018,RS,REGULAR,2023-07-20
7734063783284126597,LUIZ GUSTAVO,PEIXOTO,(11)903036625,BA,REGULAR,2025-01-27
374477801845936995,ENZO GABRIEL,NOGUEIRA,(61)972131451,MG,REGULAR,2024-11-26
1795525116132202821,JOAO GUILHERME,CARDOSO,(61)992268592,SP,REGULAR,2025-05-03
2007573760541121391,BRENDA,JESUS,(90)904514754,SP,REGULAR,2022-08-10
6538946756033429765,DAVI LUCAS,DA CONCEICAO,(51)926771196,RJ,REGULAR,2023-06-21
7381193369625669914,MARIA ALICE,SALES,(61)983619689,SP,REGULAR,2025-03-26
3065617240152915943,PIETRA,CARVALHO,(41)950305872,MG,REGULAR,2022-03-10
6203621258741455971,VINICIUS,CUNHA,(71)926065019,SP,REGULAR,2022-07-08
805880159088347463,MARIA VITORIA,DA CRUZ,(41)925213109,PR,VIP,2024-01-22
2253684510440652403,VITOR HUGO,DA MATA,(71)928476570,SP,REGULAR,2023-07-03
240664695096482054,DAVI LUCAS,CALDEIRA,(51)992820667,BA,REGULAR,2024-08-23
6802762946856752584,MARIA JULIA,SANTOS,(41)936241862,SP,REGULAR,2023-10-03
8926889836725483770,MARIANE,CALDEIRA,(21)962891775,PR,REGULAR,2025-01-23
394160085518082381,BRENO,MOREIRA,(50)905034281,RJ,REGULAR,2022-07-25
487336662254915027,NOAH,ALVES,(41)938303419,BA,REGULAR,2024-08-09
7331573280654329670,CAROLINE,LOPES,(61)952156818,SP,REGULAR,2022-04-12
1558740390235722646,PEDRO LUCAS,CARVALHO,(31)932288985,RS,REGULAR,2024-10-03
4334217117454731812,JOAQUIM,GONCALVES,(21)996063399,SP,REGULAR,2022-09-08
1052924102873554150,MIGUEL,SALES,(41)902481717,BA,REGULAR,2023-08-15
3439166490206844685,DAVI,RAMOS,(71)974721970,PR,REGULAR,2023-10-31
9020043366400449397,JOAO,OLIVEIRA,(90)902758955,RJ,REGULAR,2022-08-22
5522211648487739810,JULIA,SANTOS,(41)940903802,RJ,VIP,2022-09-25
7905157993382524441,JOAO MIGUEL,DA CRUZ,(30)906136715,BA,REGULAR,2024-04-06
2822433213339707944,JOAO,MELO,(84)955973714,PR,REGULAR,2024-03-21
1315530440419826892,MARCELO,DA COSTA,(71)923590960,MG,REGULAR,2023-10-28
5848350572037597721,LORENA,DA ROSA,(71)930644212,SP,REGULAR,2022-07-31
7165076449739523575,JOAO,CARDOSO,(31)976834201,RS,REGULAR,2024-09-02
5044727231496313670,DAVI LUIZ,DA PAZ,(84)967782659,RS,REGULAR,2023-12-09
278558228315353935,MATHEUS,DA PAZ,(11)999255027,SP,REGULAR,2022-11-30
7587196066561033374,GABRIELLY,CORREIA,(81)948072791,RS,REGULAR,2022-10-06
3860838961116272399,VINICIUS,DA MOTA,(84)982963533,SP,VIP,2025-05-03
573489319760004792,ALANA,MOURA,(21)904481776,PR,REGULAR,2024-12-01
638321789645479333,MARCELO,PEREIRA,(41)951276528,MG,REGULAR,2024-10-25
30508616438900477,MARCELO,PINTO,(41)946491111,RJ,REGULAR,2025-01-17
2058466161852459984,PAULO,OLIVEIRA,(51)979817890,RS,REGULAR,2025-02-15
123948270907804200,ANA VITORIA,MONTEIRO,(61)966053844,SP,VIP,2025-01-02
2463684189288985091,HENRIQUE,PEIXOTO,(41)906000258,BA,REGULAR,2024-02-11
5963802199477026103,PEDRO MIGUEL,NOGUEIRA,(51)965826312,SP,REGULAR,2024-06-06
4544569199343064464,ANTONIO,PINTO,(21)992098196,RJ,REGULAR,2022-05-24
7002327389298035800,ANA,RAMOS,(11)923343836,SP,VIP,2023-05-24
4980653186784103308,DANILO,GOMES,(71)921175361,RJ,REGULAR,2024-05-17
4013885346590993938,JUAN,CARDOSO,(84)913665722,PR,REGULAR,2023-07-22
556965581670363737,DAVI,AZEVEDO,(71)955799802,RS,REGULAR,2024-03-07
737287456958422799,ANA VITORIA,DA MOTA,(50)900808823,BA,REGULAR,2023-03-11
8540006851297217509,ENRICO,ARAUJO,(61)923124473,RJ,REGULAR,2022-05-09
2364634573593264709,SOFIA,FOGACA,(51)991966395,SP,REGULAR,2023-11-17
315026428959391309,ALICE,CORREIA,(61)956253135,SP,REGULAR,2023-11-14
1029968614686700849,VITORIA,MARTINS,(31)981649383,RS,REGULAR,2022-09-22
5785868850418020408,EMILLY,CARDOSO,(50)906655330,RJ,REGULAR,2024-05-21
4254440091666518214,AMANDA,FREITAS,(84)911729596,RS,REGULAR,2023-04-17
7863198229708514800,ALEXIA,GOMES,(31)990742608,RJ,REGULAR,2024-07-11
4090514375525301736,JOAQUIM,ARAGAO,(84)971644556,RJ,REGULAR,2022-08-17
1386551168792003912,MELISSA,COSTA,(31)991030021,SP,REGULAR,2023-08-29
2647691756337106462,LARISSA,DAS NEVES,(41)913580040,PR,REGULAR,2022-04-10
3486071274028989455,NATHAN,RAMOS,(71)925296718,MG,VIP,2024-12-07
2258014952668888924,MURILO,ROCHA,(84)945731441,RJ,REGULAR,2023-10-15
3440407950451742879,RAUL,DA ROSA,(61)963715398,PR,REGULAR,2024-06-21
1602748443312751423,THALES,RAMOS,(21)981235679,RS,REGULAR,2024-06-20
4416290623697126249,YAGO,NUNES,(71)914624912,SP,REGULAR,2024-03-31
2987728692493311454,VINICIUS,CORREIA,(41)907240787,RJ,VIP,2023-10-13
2547407875160591049,CAUA,VIEIRA,(21)956326868,SP,REGULAR,2023-09-15
5851321435844342263,LEONARDO,FOGACA,(31)910663436,SP,REGULAR,2023-01-13
3937553673306479559,EMILLY,SOUZA,(50)907861031,RS,REGULAR,2023-03-22
8354983825510615127,ENZO GABRIEL,NUNES,(61)961347323,RJ,REGULAR,2023-07-10
2237502847190273469,BARBARA,LOPES,(84)922572076,PR,REGULAR,2023-09-16
15957899681697337,DAVI,FERREIRA,(11)920957907,RJ,REGULAR,2023-04-05
7606966941876779541,ANA SOPHIA,BARBOSA,(31)994388221,SP,REGULAR,2022-09-17
6585763863631909376,VICENTE,MELO,(41)975847457,RS,REGULAR,2022-06-05
5005644074519078413,MANUELA,ARAGAO,(11)963257039,PR,REGULAR,2025-03-31
3313554307132901351,ISABELLY,DA ROCHA,(31)936148782,SP,REGULAR,2023-01-06
4855833148945969683,ISABEL,MELO,(61)996443098,PR,REGULAR,2025-09-04
6662160624355471823,LEANDRO,RAMOS,(30)905410727,SP,REGULAR,2025-07-03
5661311323391201880,LUIZ HENRIQUE,GONCALVES,(90)908247414,RJ,REGULAR,2022-09-05
7798943023618755680,AMANDA,DA ROSA,(11)991074065,BA,REGULAR,2025-03-02
9198901771905572729,BENJAMIN,FERNANDES,(84)954882142,SP,REGULAR,2023-02-14
37120420785491457,MARIA LUIZA,CARDOSO,(21)930753666,RJ,REGULAR,2022-09-14
7595744660961532172,STELLA,DA PAZ,(61)926834414,RJ,REGULAR,2024-11-09
1140935136185726067,LETICIA,VIANA,(61)966128758,RJ,REGULAR,2025-03-14
8509878804629931761,ALICE,PEIXOTO,(31)929439852,SP,REGULAR,2024-04-12
8967749038568081135,MARIA FERNANDA,GONCALVES,(71)962607870,SP,VIP,2022-08-24
3455439905718914193,GABRIEL,CAVALCANTI,(71)991497501,RS,REGULAR,2024-09-10
2293802551419348194,MAITE,BARROS,(84)982872324,BA,REGULAR,2024-12-16
3809019224698536616,OTAVIO,COSTA,(41)913317087,RJ,REGULAR,2023-12-13
538740506037184053,NINA,PIRES,(80)901620223,RS,VIP,2023-05-01
1649982858484283957,SARAH,VIANA,(81)977441975,PR,REGULAR,2025-02-15
4659209105867927475,JOAO VITOR,NOGUEIRA,(51)976620471,SP,REGULAR,2024-07-09
1867234823014427429,ALANA,JESUS,(51)997052774,RS,REGULAR,2022-04-29
1849668759894158154,JOAO GABRIEL,SANTOS,(21)935868122,MG,REGULAR,2023-10-13
6755858611841137488,LUANA,NASCIMENTO,(71)992988425,BA,REGULAR,2024-10-15
7372033981524799991,ISABEL,NUNES,(84)900231177,RS,REGULAR,2023-08-30
5905765229723003367,VITOR,DUARTE,(51)926610941,BA,REGULAR,2022-12-06
4518411179869939818,LAURA,MOURA,(50)900251762,RJ,REGULAR,2024-12-30
6932882490357303206,EDUARDO,DA CRUZ,(21)983190130,RJ,REGULAR,2022-11-19
3792820140164223227,JOAO GUILHERME,OLIVEIRA,(30)908152873,SP,REGULAR,2023-03-03
6036325886092736913,LORENA,SANTOS,(11)959821766,PR,REGULAR,2022-03-08
2854765602931729798,ANA JULIA,COSTELA,(41)941173098,RS,REGULAR,2023-11-09
2438714704933608630,ENZO GABRIEL,GONCALVES,(61)965124189,RJ,REGULAR,2023-04-25
5375697633766025451,ALICE,AZEVEDO,(81)964350238,RJ,VIP,2023-09-09
7936542786621733145,ANA CAROLINA,DUARTE,(11)919905169,RJ,REGULAR,2024-11-21
706086160398844775,MARCOS VINICIUS,ROCHA,(81)940107835,SP,VIP,2024-02-14
2246663987405687473,FERNANDA,DIAS,(31)900389608,SP,REGULAR,2024-03-05
2535182853547756960,JOAO PEDRO,NASCIMENTO,(81)966821719,RS,REGULAR,2023-07-11
1081620979342928689,JOAQUIM,PINTO,(81)933190368,BA,REGULAR,2024-09-13
1293519332462208436,ANDRE,FARIAS,(81)910272405,RS,REGULAR,2023-10-10
5361829714311982485,MILENA,FARIAS,(21)929671114,PR,REGULAR,2024-06-08
3616666584904167450,LUIZ FELIPE,MORAES,(21)974584384,RS,REGULAR,2023-08-23
5144237194639648596,LIVIA,CAVALCANTI,(71)956974132,RJ,REGULAR,2024-02-07
3193842032286794123,HENRIQUE,VIEIRA,(84)915203771,SP,REGULAR,2022-05-18
254845542253127820,PAULO,NOGUEIRA,(11)906670336,PR,REGULAR,2023-01-26
8412098978124862851,LARISSA,TEIXEIRA,(71)940850954,PR,REGULAR,2024-10-19
4622477257034622386,VITOR GABRIEL,ARAUJO,(81)996601864,RJ,REGULAR,2024-07-23
1726643011156046218,LARA,SILVEIRA,(71)926732044,RJ,REGULAR,2022-08-26
2402746859762690106,NATHAN,CARDOSO,(84)998517244,BA,REGULAR,2023-05-23
1109431934856860268,ANA,DIAS,(51)929031028,MG,REGULAR,2024-02-28
4690085966960805318,ANTHONY,MORAES,(71)909351187,PR,REGULAR,2022-08-10
6565589791615561311,ANA JULIA,DUARTE,(84)959561642,BA,REGULAR,2022-05-23
8586685538354135797,ISAAC,OLIVEIRA,(31)974902504,RJ,REGULAR,2022-04-12
2764988744704366406,ALICIA,DA COSTA,(41)911398986,MG,REGULAR,2024-07-30
3073363589884649925,MARCELA,BARROS,(50)907887543,MG,REGULAR,2024-09-24
2667844629065602304,FELIPE,MELO,(51)953751376,SP,REGULAR,2023-10-29
2530893171679254209,MIGUEL,COSTELA,(61)936929445,RJ,REGULAR,2023-08-15
2638634076383167721,BRUNO,OLIVEIRA,(84)982973270,BA,REGULAR,2022-12-30
181462376960568654,KAIQUE,FERREIRA,(81)971206021,MG,VIP,2022-06-11
6413717471806478920,MARCELA,NOGUEIRA,(11)952683415,MG,REGULAR,2023-09-20
4785464990713213570,MARIA,CAVALCANTI,(61)915767647,RJ,REGULAR,2025-04-05
7810009237408441201,THOMAS,DA MATA,(90)908120995,RS,REGULAR,2025-02-25
9038950433430947267,LUIZ FELIPE,MENDES,(71)998898645,PR,REGULAR,2023-02-12
1352274882935680874,DANILO,BARBOSA,(84)968499515,MG,REGULAR,2023-01-07
6792143253508116651,CAUA,GOMES,(84)977324491,RS,REGULAR,2023-10-04
2371766576926977747,EMILLY,DA CONCEICAO,(41)938820908,BA,REGULAR,2024-07-28
3989252689030300842,ALEXANDRE,RODRIGUES,(41)953496782,RS,REGULAR,2024-03-20
5208424071220389612,CARLOS EDUARDO,COSTA,(31)967412415,SP,REGULAR,2022-08-16
6163400239221828684,GABRIELLY,AZEVEDO,(21)918538003,SP,REGULAR,2022-11-13
2748952224910160717,ALICIA,PEIXOTO,(71)996935782,SP,REGULAR,2023-07-25
4878206046404857557,CAIO,DAS NEVES,(61)946753612,BA,REGULAR,2024-06-04
1005602129576882301,JOAO FELIPE,NOVAES,(81)977963044,SP,REGULAR,2024-11-06
396571076270131486,LARA,NUNES,(71)904735047,RS,VIP,2024-11-01
1368880719022605901,MURILO,DA CUNHA,(61)931995298,PR,REGULAR,2022-05-16
3759884800301401499,YASMIN,NASCIMENTO,(31)955810835,RJ,VIP,2024-07-25
8121545245415867140,DAVI LUCCA,TEIXEIRA,(61)934255638,SP,REGULAR,2023-06-05
6608885564402610888,ARTHUR,ARAGAO,(51)918670244,SP,REGULAR,2022-05-22
113849748798428524,PEDRO LUCAS,FARIAS,(51)941662411,SP,REGULAR,2022-07-08
7378429535955034234,REBECA,PEIXOTO,(31)908921963,BA,REGULAR,2024-11-11
6226570282326122520,YURI,MARTINS,(11)980447314,RS,REGULAR,2025-01-28
7734516316705782018,LORENA,NASCIMENTO,(21)961368474,PR,REGULAR,2025-11-04
7682383565138787457,CLARICE,ARAUJO,(61)937579145,RJ,REGULAR,2022-11-24
3631938237102711697,MARIANA,RIBEIRO,(41)993074645,MG,REGULAR,2022-05-12
269766113775601711,IGOR,OLIVEIRA,(11)943878753,MG,REGULAR,2023-08-28
1255911773896923216,RAFAELA,ROCHA,(31)981161620,RJ,REGULAR,2022-12-23
3358010804757585643,SOFIA,COSTA,(41)937106728,BA,VIP,2024-11-05
21814093747568888,VINICIUS,VIEIRA,(84)960416448,PR,REGULAR,2023-08-29
1499600054340518,MARIA,FERNANDES,(71)973522870,RS,VIP,2023-08-20
4836074269941105742,CAMILA,DA COSTA,(71)910433187,SP,VIP,2023-11-09
1276166136662073348,BENICIO,REZENDE,(30)902158350,SP,REGULAR,2023-08-02
3807476696005703036,GUSTAVO HENRIQUE,PEREIRA,(80)904596488,PR,REGULAR,2025-05-01
4739738001847577738,CATARINA,CARDOSO,(90)902134249,BA,VIP,2022-09-21
7298624752901511622,LUIZ HENRIQUE,NOGUEIRA,(71)999949732,SP,REGULAR,2022-04-19
3007450091917502880,ENRICO,CARVALHO,(80)902227051,SP,REGULAR,2022-05-07
3280947401529057074,MATHEUS,NOVAES,(41)967548581,PR,REGULAR,2024-10-11
3666374177650623712,ANA VITORIA,PINTO,(84)920575639,SP,REGULAR,2024-08-30
6829419971096042280,JOAO MIGUEL,MOURA,(51)903758309,SP,REGULAR,2023-10-08
4231453769986976199,JOAO LUCAS,FERNANDES,(21)909404760,BA,REGULAR,2025-03-30
3772163574599346380,EMILLY,CALDEIRA,(50)900797727,BA,REGULAR,2025-01-15
947497704957725457,ANA LIVIA,AZEVEDO,(31)909222161,MG,VIP,2022-11-07
8253988899858337175,MAYSA,CALDEIRA,(51)918439055,RJ,REGULAR,2023-03-01
4501158763138243348,BIANCA,FOGACA,(21)927049386,RJ,VIP,2023-08-01
7455113790295673166,SOFIA,ALMEIDA,(41)948515791,RS,VIP,2024-10-09
614174188437823529,ANA LAURA,CORREIA,(31)921259020,BA,REGULAR,2023-03-19
946330370915732587,BENJAMIN,NASCIMENTO,(11)924295633,SP,REGULAR,2023-12-06
3823018871417549972,JOAO FELIPE,SILVEIRA,(41)920962893,RS,REGULAR,2025-10-04
6642602124138410277,MARIA SOPHIA,MARTINS,(31)996905150,SP,REGULAR,2022-12-17
5011917604294595941,LORENA,MELO,(81)912542782,SP,REGULAR,2022-05-18
8850696702678666740,MARIANA,RAMOS,(90)909667345,SP,REGULAR,2024-03-11
6765968042586566411,MURILO,NUNES,(90)900282498,SP,VIP,2023-02-17
3396344336643084052,SOPHIA,CUNHA,(81)950142576,BA,REGULAR,2022-12-28
6601985904249732293,AGATHA,DA CONCEICAO,(81)924412336,SP,VIP,2022-02-09
1355399731623297069,NATALIA,NASCIMENTO,(61)931625265,PR,REGULAR,2023-06-29
4208611535437996719,JOAO LUCAS,MOREIRA,(81)980996132,BA,REGULAR,2024-05-30
6868289171077274408,AUGUSTO,DA ROSA,(31)961562624,PR,REGULAR,2023-11-08
6232105293668665328,NICOLE,ROCHA,(51)946226817,PR,REGULAR,2022-08-21
4790729950896027684,LAIS,ALVES,(84)966046419,RJ,REGULAR,2024-03-13
84556267705914345,ISADORA,RIBEIRO,(71)985126861,PR,REGULAR,2022-04-12
6297854184199776921,JOAQUIM,FERREIRA,(81)989760740,SP,REGULAR,2022-10-21
1550574998976889126,LAIS,MOREIRA,(71)995465408,MG,VIP,2023-04-06
6930017247400792437,GUSTAVO,MORAES,(84)907540915,BA,REGULAR,2022-11-06
2704838277875910943,LUNA,PINTO,(84)957938970,RJ,REGULAR,2022-12-08
8848296703524630848,ARTHUR,DA CONCEICAO,(50)901681546,BA,REGULAR,2023-12-28
6983159065545058324,DIEGO,FERNANDES,(21)961394498,MG,REGULAR,2024-07-30
3735688436890057833,LUIZ FERNANDO,BARBOSA,(50)906244063,BA,REGULAR,2022-05-14
5850902145224726524,MIRELLA,COSTELA,(84)947951330,PR,REGULAR,2023-01-09
5387046363331363457,BERNARDO,GOMES,(50)907969586,BA,REGULAR,2024-04-23
633603310170796081,ALANA,MENDES,(81)955727738,PR,REGULAR,2025-03-04
1517273411106841991,RENAN,NOGUEIRA,(61)960917851,RS,REGULAR,2023-03-02
7202557832311344760,MARIA LUIZA,DA CUNHA,(90)905966048,RS,VIP,2024-05-16
1389657951285365938,EVELYN,DA LUZ,(31)968653694,RS,REGULAR,2023-08-24
1497096126962060336,RAUL,LOPES,(21)988636774,RJ,REGULAR,2024-03-13
4032210027139483516,PAULO,SANTOS,(21)999605932,SP,REGULAR,2024-09-15
7294232519605688813,DAVI,RIBEIRO,(81)952410397,PR,REGULAR,2024-03-28
5990852693326166249,RODRIGO,PIRES,(41)927819523,BA,REGULAR,2024-02-04
5598511624431260602,EMANUELLA,TEIXEIRA,(71)998077046,BA,REGULAR,2022-06-16
970775445378297676,THEO,SILVA,(31)961124912,RJ,REGULAR,2023-05-11
7560755052859986005,MIRELLA,MENDES,(11)937341517,BA,REGULAR,2024-05-17
1776504670609898845,VITOR GABRIEL,FERREIRA,(81)947574949,RJ,REGULAR,2022-09-06
18803404752754447,DANILO,SILVEIRA,(11)903595442,PR,REGULAR,2024-09-13
3577188049515369465,GABRIELA,RIBEIRO,(31)942229464,SP,REGULAR,2024-12-29
6373328094831821083,ANTONIO,DA ROSA,(80)904290458,MG,REGULAR,2024-06-24
2624679840430949506,LUIZA,DA CUNHA,(51)972760153,BA,VIP,2023-08-08
6250657888100053876,ENZO GABRIEL,DA COSTA,(84)991357790,SP,REGULAR,2024-07-06
7509702201670397695,VICENTE,DA PAZ,(21)906158148,SP,REGULAR,2024-07-23
5100557723362640430,ANA JULIA,CALDEIRA,(41)998334233,PR,REGULAR,2025-03-21
6122897010226015281,CAMILA,BARBOSA,(50)904841312,MG,REGULAR,2024-04-07
2449206644799053315,BENICIO,DA ROCHA,(31)939977180,RJ,REGULAR,2023-08-23
4898187822827832999,STEPHANY,DA MOTA,(90)909704694,RJ,REGULAR,2024-05-19
6799496612491474398,CAMILA,MELO,(21)978444835,PR,REGULAR,2023-06-16
5432731769090958317,LUIZ FELIPE,DA CRUZ,(51)916417582,RJ,REGULAR,2023-09-02
4362869828243632480,RODRIGO,JESUS,(80)903925236,MG,REGULAR,2023-07-01
4494088733933844609,PAULO,DA CRUZ,(61)987964347,SP,REGULAR,2023-07-30
6635405772824885690,HENRIQUE,MELO,(11)957469660,MG,REGULAR,2024-02-01
5141544558844528780,RAFAEL,FERNANDES,(21)950566588,SP,REGULAR,2023-02-17
5364806056239947066,PEDRO HENRIQUE,SANTOS,(31)941132579,PR,REGULAR,2024-04-14
4557101477410463363,PEDRO MIGUEL,MENDES,(84)985741721,SP,REGULAR,2023-01-09
